bioproject,title,platform,total_spots,total_bases,study_name,center_name,organism,library_strategy,library_source,library_selection,library_layout,biosample,run_accessions,sra_experiment_count,biosample_count,tissues,cultivars,time_course_days,library_count_stated,experiment_count_stated,summary
PRJNA1290000,RNA-seq of sea rice HD961 under salt stress - repeat 2,ILLUMINA,22310796,6637498115,Raw data of multi omics sequencing of seawater rice HD961,Guangdong Ocean University,Oryza sativa,RNA-Seq,TRANSCRIPTOMIC,PCR,PAIRED,SAMN49907818,SRR34488729,0,0,[],['HD961'],0.0,,1,The study involves RNA-seq analysis of sea rice cultivar HD961 under salt stress conditions.
PRJNA1224201,WT_Salt_S1,ILLUMINA,24445939,7333781700,Histone modification complex JMJ704-HDA709 negatively regulate salinity tolerance in rice,Ningxia University,Oryza sativa,RNA-Seq,TRANSCRIPTOMIC,cDNA,PAIRED,SAMN46853289,SRR32358416,0,0,[],['Oryza sativa'],0.0,,1,The study investigates the role of histone modification complex JMJ704-HDA709 in regulating salinity tolerance in rice.
PRJNA1224188,RNA-seq of leaves: NaCl+DQC-83,ILLUMINA,22910650,6873195000,DQC-8 Transcriptome analysis of Oryza Sativa indica under salt stress,Shanghai Jiao Tong University,Oryza sativa Indica Group,RNA-Seq,TRANSCRIPTOMIC,PolyA,PAIRED,SAMN46769235,SRR32358126,0,0,['leaf'],[],0.0,,1,RNA-seq analysis of Oryza Sativa indica leaves under salt stress conditions.
PRJNA1328424,RNA-seq of Harina khuri,ILLUMINA,17211129,5473139022,Oryza sativa L Transcriptome,Indian Institute of Technology Kharagpur,Oryza sativa Indica Group,RNA-Seq,TRANSCRIPTOMIC,cDNA,PAIRED,SAMN51335421,SRR35533851,0,0,[],['Harina khuri'],0.0,,1,The study involves RNA-seq of the Harina khuri variety of Oryza sativa L.
PRJEB71457,snRNA-seq data from single cell multiomics (paired snRNA-seq+snATAC-seq) of human colorectal cancer liver metastatic samples,ILLUMINA,393448867,54295943646,snRNA-seq data from single cell multiomics (paired snRNA-seq+snATAC-seq) of human colorectal cancer liver metastatic samples,European Bioinformatics Institute,Homo sapiens,ssRNA-seq,TRANSCRIPTOMIC SINGLE CELL,Oligo-dT,PAIRED,SAMEA115051845,"ERR12381430,ERR12381407,ERR12381453,ERR12381415",0,0,[],[],0.0,,0,This study provides snRNA-seq data from single cell multiomics of human colorectal cancer liver metastatic samples.
PRJNA1355328,RNA-seq of rice,ILLUMINA,22423550,6771912100,Effects of Exogenous Spermidine on Germination and Seedling Growth of Rice under Salt Stress,Tianjin Agricultural University,Oryza sativa,RNA-Seq,TRANSCRIPTOMIC,cDNA,PAIRED,SAMN53037455,SRR35919960,9,0,[],[],0.0,,9,The study investigates the effects of exogenous spermidine on germination and seedling growth of rice under salt stress using RNA-seq.
PRJNA1046450,GSM9077474: 7-day-old rice and sorghum seedlings undergoing deetiolation - technical replicate 226; Oryza sativa; OTHER,ILLUMINA,22027799,6144376546,Single nuclei sequencing reveals C4 photosynthesis is based on rewiring of ancestral cell identity networks,"Ecker lab, Genomic Analysis Laboratory, HHMI-Salk-",Oryza sativa,OTHER,TRANSCRIPTOMIC,other,PAIRED,SAMN49726766,SRR34314835,884,0,[],['Oryza sativa'],7.0,,1,The study examines the deetiolation process in 7-day-old rice seedlings using single nuclei sequencing.
PRJDB36156,AW412-01T0024 (CRX727571; CRA011547),ILLUMINA,21836753,6538397106,Comparative transcriptome analysis of HH11 (salt-tolerant rice) and IR29 (salt-sensitive rice) under salt stress (PRJCA017851),,Oryza sativa,RNA-Seq,TRANSCRIPTOMIC,unspecified,PAIRED,SAMD01670908,DRR732022,24,0,[],"['HH11', 'IR29']",0.0,,24,This study compares the transcriptomes of salt-tolerant rice HH11 and salt-sensitive rice IR29 under salt stress conditions.
PRJNA1305220,RNA-seq of Arabidopsis: rgga mutants young seedling salt stress 1,ILLUMINA,25879763,7763928900,Arabidopsis salt stress response RNA sequencing,Guangdong Academy of Agriculture sciences,Arabidopsis thaliana,RNA-Seq,TRANSCRIPTOMIC,PCR,PAIRED,SAMN50590214,SRR35031979,12,0,['young seedling'],[],0.0,,12,RNA-seq analysis of Arabidopsis rgga mutants under young seedling salt stress conditions.
PRJNA1224316,RNA-Seq of T_S_ST_TRIL2_3: root,DNBSEQ,24088976,7226692800,Rapid formation of stable autotetraploid rice from genome-doubled F1 hybrids of japonica-indica subspecies,Northeast Normal University,Oryza sativa,RNA-Seq,TRANSCRIPTOMIC,RANDOM,PAIRED,SAMN46857177,SRR32361361,571,0,['root'],[],0.0,,1,RNA-Seq analysis of root tissue from genome-doubled F1 hybrids to study the rapid formation of stable autotetraploid rice.
PRJNA1285428,Composite functional solution alleviates salt stress in rice,ILLUMINA,24010003,7172119458,Composite functional solution alleviates salt stress in rice,Hunan Academy of Agricultural Sciences,Oryza sativa,RNA-Seq,TRANSCRIPTOMIC,cDNA,PAIRED,SAMN49764351,SRR34342042,30,0,[],['Oryza sativa'],0.0,,30,The study investigates the effect of a composite functional solution on alleviating salt stress in rice.
PRJDB36340,Phe-MTA2-ADA-OS-3 (CRX1236845; CRA019895),ILLUMINA,28802953,8640885900,The subunit of RNA m6A methyltransferase PheMTA1 and PheMTA2 of moso bamboo regulate root development and resistance to salt stress in plants (PRJCA031529),,Oryza sativa,RNA-Seq,TRANSCRIPTOMIC,PCR,PAIRED,SAMD01658788,DRR739632,6,0,[],['Oryza sativa'],0.0,,6,The study investigates the role of RNA m6A methyltransferase subunits PheMTA1 and PheMTA2 in regulating root development and salt stress resistance in moso bamboo.
PRJNA1274130,L15_1,ILLUMINA,23060842,6918252600,Oryza sativa cultivar:Zhongjiazao17 Raw sequence reads,Xianghu Lab,Oryza sativa,RNA-Seq,TRANSCRIPTOMIC,cDNA,PAIRED,SAMN48975013,SRR33905349,12,0,[],['Zhongjiazao17'],0.0,,12,This study involves RNA-Seq of the Oryza sativa cultivar Zhongjiazao17 using Illumina sequencing technology.
PRJNA1261119,RNA-seq of shoot,ILLUMINA,64457416,18638091438,Rice Saline Alkali Stress,Northeast Forestry University,Oryza sativa,RNA-Seq,TRANSCRIPTOMIC,cDNA,PAIRED,SAMN48413649,SRR33511288,10,0,['shoot'],[],0.0,,10,RNA-seq of rice shoots to study the transcriptomic response under saline and alkaline stress conditions.
PRJNA1292226,Raw sequence reads of Oryza sativa,ILLUMINA,25053656,7516096800,Raw sequence reads of Oryza sativa,Zhejiang University,Oryza sativa Japonica Group,RNA-Seq,TRANSCRIPTOMIC,PolyA,PAIRED,SAMN49993722,SRR34557690,12,0,[],['Oryza sativa Japonica Group'],0.0,,12,This study provides raw sequence reads of Oryza sativa Japonica Group using RNA-Seq with a poly-A selection method.
PRJNA1222013,RNA sequencing of rice seedlings treated with salt for 8h -repeat1,ILLUMINA,24245283,7310381908,Comprehensive profiling of epitranscriptome and translatome in rice seedlings under salt stress,Guangdong Academy of Agricultural Sciences,Oryza sativa Japonica Group,RNA-Seq,TRANSCRIPTOMIC,cDNA,PAIRED,SAMN46760629,SRR32304759,32,0,['seedling'],[],0.33,,1,RNA sequencing of rice seedlings treated with salt for 8 hours to profile the epitranscriptome and translatome under salt stress.
PRJNA1215464,RNA Seq of Rice Leaves,ILLUMINA,20073474,6003047929,Studies on salinity stress tolerance in cultivated rice,Jilin Agricultural University,Oryza sativa,RNA-Seq,TRANSCRIPTOMIC,Oligo-dT,PAIRED,SAMN46410565,SRR32131450,6,0,['leaf'],[],0.0,,6,RNA-Seq study examining salinity stress tolerance in rice leaves.
PRJNA1198503,"GSM8682158: Azucena 15DAS, 3rd leaf, collected from 10mM NaCl, 5 days (after start of experiment), Rep3; Oryza sativa tropical japonica subgroup; RNA-Seq",ILLUMINA,20965216,2138452032,Time-series analysis of gene expression of Oryza sativa tropical japonica subgroup (Azucena) under saline stress conditions at the seedling stage,"Purugganan Lab, Center for Genomics and Systems Bi",Oryza sativa tropical japonica subgroup,RNA-Seq,TRANSCRIPTOMIC,cDNA,PAIRED,SAMN45844490,SRR31721072,30,0,['leaf'],['Azucena'],5.0,,1,This study analyzes the gene expression of Oryza sativa tropical japonica subgroup (Azucena) under saline stress conditions at the seedling stage over a time course.
PRJNA1194622,GSM8667801: 2_1433X_GEX; Homo sapiens; RNA-Seq,ILLUMINA,546958488,165181463376,Single-cell multi-omics analysis identifies metabolism-linked epigenetic reprogramming as a driver of therapy-resistant medulloblastoma [Multiome],"Pediatrics-Heme/Onc, University of Colorado Anschu",Homo sapiens,RNA-Seq,TRANSCRIPTOMIC SINGLE CELL,cDNA,PAIRED,SAMN45194469,SRR31626601,30,0,[],[],0.0,,30,This study conducts single-cell multi-omics analysis to identify metabolism-linked epigenetic reprogramming as a driver of therapy-resistant medulloblastoma.
PRJNA1194607,GSM8667650: PDX411_914_RT; Homo sapiens; RNA-Seq,ILLUMINA,281697072,85072515744,Single-cell multi-omics analysis identifies metabolism-linked epigenetic reprogramming as a driver of therapy-resistant medulloblastoma [PDX Multiome],"Pediatrics-Heme/Onc, University of Colorado Anschu",Homo sapiens,RNA-Seq,TRANSCRIPTOMIC SINGLE CELL,cDNA,PAIRED,SAMN45193337,SRR31625234,8,0,[],[],0.0,,8,This study conducts single-cell multi-omics analysis to identify metabolism-linked epigenetic reprogramming as a driver of therapy-resistant medulloblastoma.
PRJNA1192424,nn_day3_salt_rep3,ILLUMINA,15923026,1189699278,Transcriptomic analysis of four Thai rice varieties with varying salt tolerance,Chulalongkorn University,Oryza sativa,RNA-Seq,TRANSCRIPTOMIC,RT-PCR,SINGLE,SAMN45108866,SRR31558374,48,0,[],['Thai rice varieties'],0.0,,48,This study conducts a transcriptomic analysis of four Thai rice varieties with varying salt tolerance using RNA-Seq.
PRJNA1172089,16S rRNA Sequencing of Rice Rhizosphere Microbiomes Under Salt Stress Treatment,ILLUMINA,76744,46199888,16S rRNA Sequencing of Rice Rhizosphere Microbiomes Under Salt Stress Treatment,Chinese Academy of Tropical Agricultural Sciences,sediment metagenome,RNA-Seq,TRANSCRIPTOMIC,PCR,PAIRED,SAMN44263275,SRR30980871,54,0,[],[],0.0,,54,The study aims to sequence the 16S rRNA of rice rhizosphere microbiomes under salt stress treatment.
PRJNA1159348,GSM8508516: H3K27me3-CUT&Tag-Rice-mature leaves-rep1; Oryza sativa Indica Group; OTHER,ILLUMINA,39122344,11736703200,Simultaneous Profiling of Chromatin-Associated RNA at Targeted DNA Loci and RNA-RNA Interactions through TaDRIM-Seq II,National Key Laboratory of Crop Genetic Improvemen,Oryza sativa Indica Group,OTHER,TRANSCRIPTOMIC,other,PAIRED,SAMN43573363,SRR30622920,12,0,['leaf'],[],0.0,,12,The study aims to profile chromatin-associated RNA at targeted DNA loci and RNA-RNA interactions in rice mature leaves using TaDRIM-Seq II.
PRJEB78375,SUMOylation of rice DELLA SLR1 modulates transcriptional responses and improves yield under salt stress.,ILLUMINA,20028438,1509166059,SUMOylation of rice DELLA SLR1 modulates transcriptional responses and improves yield under salt stress.,European Bioinformatics Institute,,RNA-Seq,TRANSCRIPTOMIC,PolyA,SINGLE,SAMEA115873325,ERR13389548,18,0,[],['rice'],0.0,,18,This study investigates the SUMOylation of rice DELLA SLR1 protein and its impact on transcriptional responses and yield improvement under salt stress conditions.
PRJEB28389,Cytosolic glutathione reductase (OsGR2) regulates plant development and salt stress tolerance in rice,ILLUMINA,20475830,6142749000,Cytosolic glutathione reductase (OsGR2) regulates plant development and salt stress tolerance in rice,"National Taiwan University, Taipei, Taiwan",Oryza sativa Japonica Group,RNA-Seq,TRANSCRIPTOMIC,PolyA,PAIRED,SAMEA4868146,ERR2760761,4,0,[],['Oryza sativa Japonica Group'],0.0,,4,This study investigates the role of cytosolic glutathione reductase (OsGR2) in regulating plant development and salt stress tolerance in rice.
PRJNA1140900,RNA-Seq of rice,ILLUMINA,23211240,6963372000,Enhancement of rice growth under salt stress by PGPB,Northeast Forestry University,Oryza sativa,RNA-Seq,TRANSCRIPTOMIC,cDNA,PAIRED,SAMN42866737,SRR30067824,9,0,[],[],0.0,,9,RNA-Seq study to investigate the enhancement of rice growth under salt stress through plant growth-promoting bacteria (PGPB).
PRJNA1130029,OsWNK9-Salt Treated,ILLUMINA,17974659,5399458650,Transcriptome analysis of WT and OsWNK9-overexpression line under control and salinity stress,"BITS Pilani, K. K. Birla Goa Campus",Oryza sativa,RNA-Seq,TRANSCRIPTOMIC,Oligo-dT,PAIRED,SAMN42180475,SRR29656057,4,0,[],"['WT', 'OsWNK9-overexpression line']",0.0,,4,The study aims to analyze the transcriptome of wild-type and OsWNK9-overexpression lines of Oryza sativa under control and salinity stress conditions.
PRJNA980586,GSM8318254: H3K9ac-ChRD-PET-rep2; Oryza sativa Indica Group; OTHER,ILLUMINA,296406019,88921805700,Simultaneous Profiling of Chromatin-Associated RNA at Targeted DNA Loci and RNA-RNA Interactions through TaDRIM-Seq,National Key Laboratory of Crop Genetic Improvemen,Oryza sativa Indica Group,OTHER,TRANSCRIPTOMIC,other,PAIRED,SAMN41779277,SRR29350179,14,0,[],['Oryza sativa Indica Group'],0.0,,14,The study aims to profile chromatin-associated RNA at targeted DNA loci and RNA-RNA interactions in Oryza sativa Indica Group using TaDRIM-Seq.
PRJNA1108212,GSM8253428: LSS2; Oryza sativa; RNA-Seq,DNBSEQ,22393486,6718045800,Comparative physiological and transcriptomic profiling reveals the characteristics of tissue tolerance mechanisms in Japanese rice landrace under salt stress,"Plant Nutritional Physiology, Graduate School of I",Oryza sativa,RNA-Seq,TRANSCRIPTOMIC,cDNA,PAIRED,SAMN41234070,SRR28912180,8,0,[],['Japanese rice landrace'],0.0,,1,This study aims to reveal the characteristics of tissue tolerance mechanisms in a Japanese rice landrace under salt stress through comparative physiological and transcriptomic profiling.
PRJNA1103716,RNA-Seq of rice,ILLUMINA,23987790,7180483466,Sequencing data of rice GCN5 under salt stress,Yangzhou university,Oryza sativa Japonica Group,RNA-Seq,TRANSCRIPTOMIC,PolyA,PAIRED,SAMN41055398,SRR28874127,12,0,[],['Oryza sativa Japonica Group'],0.0,,12,RNA-Seq data of rice GCN5 under salt stress conditions was generated.
PRJNA950234,RNA-Seq of Korgut,ILLUMINA,15371634,4642233468,Oryza sativa Transcriptome or Gene expression,"BITS Pilani, K. K. Birla Goa Campus",Oryza sativa,RNA-Seq,TRANSCRIPTOMIC,Oligo-dT,PAIRED,SAMN41152715,SRR28865945,4,0,[],['Korgut'],0.0,,4,RNA-Seq analysis of the transcriptome in Oryza sativa cultivar Korgut.
PRJNA1103978,Shoot4,ILLUMINA,23688424,7106527200,transcriptional sequencing of Nipponbare under salt stress,Fujian Agriculture and Forestry University,Oryza sativa,RNA-Seq,TRANSCRIPTOMIC,cDNA,PAIRED,SAMN41067773,SRR28787779,12,0,['shoot'],['Nipponbare'],0.0,,12,The study involves RNA-Seq analysis of the shoot tissue from Nipponbare rice under salt stress conditions.
PRJNA1068029,"GSM8196228: Rice, NET-seq, rep2; Oryza sativa; OTHER",ILLUMINA,125243848,8713391559,Genome-wide research of epigenetic regulation in arabidopsis,"school of life sciences, Tsinghua university",Oryza sativa,OTHER,TRANSCRIPTOMIC,other,PAIRED,SAMN40919219,SRR28617229,131,0,[],['Oryza sativa'],0.0,,1,The study aims to conduct genome-wide research on epigenetic regulation in rice (Oryza sativa) using NET-seq technology.
PRJNA1079491,WT-72 h,ILLUMINA,52085542,15010113371,Oryza sativa cultivar:japonica Transcriptome or Gene expression,Nanjing Agricultural University,Oryza sativa Japonica Group,RNA-Seq,TRANSCRIPTOMIC,RANDOM PCR,PAIRED,SAMN40037383,SRR28165051,4,0,[],['japonica'],0.0,,1,This study involves RNA-Seq analysis of Oryza sativa japonica cultivar without specifying a tissue or time course.
PRJNA1071849,NGZ_3,ILLUMINA,21734151,6506359984,Oryza sativa cultivar:NGZ Transcriptome or Gene expression,Guangdong Academy of Agricultural Sciences,Oryza sativa,RNA-Seq,TRANSCRIPTOMIC,Oligo-dT,SINGLE,SAMN39715006,SRR27841014,6,0,[],['NGZ'],0.0,,6,This study involves RNA-Seq analysis of the transcriptome for Oryza sativa cultivar NGZ.
PRJNA1036110,120mM NaCl,ILLUMINA,19928239,5558596807,Joint QTL Mapping and Transcriptome Sequencing Analysis Reveal Candidate Genes for Salinity Tolerance in Oryza sativa L. ssp. Japonica Seedlings,Northeast Agricultural University,Oryza sativa,RNA-Seq,TRANSCRIPTOMIC,cDNA_oligo_dT,PAIRED,SAMN38113509,SRR26678324,12,0,[],[],0.0,,12,This study involves RNA-Seq analysis to identify candidate genes for salinity tolerance in Oryza sativa L. ssp. Japonica seedlings under 120mM NaCl conditions.
PRJNA1020877,GSM7874131: 9311_TRM-sRNA-seq_Rep2; Oryza sativa; ncRNA-Seq,ILLUMINA,101919915,5197915665,An improved terminal ribose-modified small RNA sequencing (TRM-sRNA-seq) reveals novel features of miRNA modification and identifies HEN1-independent 2'-O-modified sRNAs derived from tRNAs,Fudan university,Oryza sativa,ncRNA-Seq,TRANSCRIPTOMIC,size fractionation,SINGLE,SAMN38050989,SRR26617759,54,0,[],['9311'],0.0,,54,An improved terminal ribose-modified small RNA sequencing (TRM-sRNA-seq) was conducted to reveal novel features of miRNA modification and identify HEN1-independent 2'-O-modified sRNAs derived from tRNAs in Oryza sativa.
PRJNA1010456,RNA-seq of Oryza sativa: GFD,ILLUMINA,25643155,7671524312,Oryza sativaL,jilinnongyedaxue,Oryza sativa,RNA-Seq,TRANSCRIPTOMIC,PCR,PAIRED,SAMN37191192,SRR25844741,24,0,[],[],0.0,,24,"RNA-seq study of Oryza sativa without specific mention of tissues, cultivars, or time course."
PRJNA1010833,"Mixture of 96 individually barcoded plants that are paired well-watered and salt-treated individuals from 48 accessions, set 10",ILLUMINA,190251718,13317620260,Genetic architecture of gene regulation under salinity stress in rice,New York University,Oryza sativa,OTHER,TRANSCRIPTOMIC,cDNA,PAIRED,SAMN37200102,SRR25810897,13,0,[],['48 accessions'],0.0,,13,"The study investigates the genetic architecture of gene regulation under salinity stress in rice using a mixture of 96 individually barcoded plants from 48 accessions, with half being well-watered and the other half salt-treated."
PRJNA1005488,RNA-Seq of osrr22 root-1h,BGISEQ,48296791,14489037300,Oryza sativa Raw sequence reads,northeast normal university,Oryza sativa,RNA-Seq,TRANSCRIPTOMIC,Oligo-dT,PAIRED,SAMN36988070,SRR25655080,4,0,['root'],[],0.0,,1,RNA-Seq analysis of Osrr22 root tissue from Oryza sativa.
PRJNA1003687,Rhizosphere soil samples from alkaline paddy soil,ILLUMINA,26988435,8150507370,Metatranscriptomics insights into rice rhizosphere microbiome of Indian soils,"Indian Agricultural Research Institute (IARI), Pus",soil metagenome,RNA-Seq,METATRANSCRIPTOMIC,RANDOM,PAIRED,SAMN36903835,SRR25581351,9,0,[],[],0.0,,9,The study aims to provide metatranscriptomic insights into the rice rhizosphere microbiome in Indian soils.
PRJNA984200,GSM7493321: SCW-9M-3; Mus musculus; RNA-Seq,ILLUMINA,330395217,99779355534,"Ovarian transcriptome sequencing (scRNA-seq and RNA-seq) of 6 and 9-month-old mice fed black rice, white brown rice and polished rice","ChenLab, Lion Rock Street 1, Huazhong agricultural",Mus musculus,RNA-Seq,TRANSCRIPTOMIC SINGLE CELL,cDNA,PAIRED,SAMN35748577,SRR24928169,41,0,[],[],0.0,,2,The study aims to sequence the ovarian transcriptome of 6 and 9-month-old mice fed different types of rice using scRNA-seq and RNA-seq.
PRJNA971147,GSM7316661: WT-N-3; Oryza sativa Japonica Group; RNA-Seq,ILLUMINA,38741921,11700060142,SCR106 splicing factor modulates abiotic stress responses by maintaining the RNA splicing in rice,Laboratory for Genome Engineering and Synthetic Bi,Oryza sativa Japonica Group,RNA-Seq,TRANSCRIPTOMIC,cDNA,PAIRED,SAMN35025263,"SRR24492330,SRR24492331",12,0,[],['Oryza sativa Japonica Group'],0.0,,12,This study investigates the role of SCR106 splicing factor in modulating abiotic stress responses by maintaining RNA splicing in rice.
PRJNA961167,GSM7224134: Rice cold mRNA-seq rep3; Oryza sativa; RNA-Seq,ILLUMINA,31122575,6224515000,The Effects of Low Temperature on the Global Increase of N6-methyldeoxyadenosine in Arabidopsis thaliana and Rice,"Bioinformatics Center, State Key Laboratory for Cr",Oryza sativa,RNA-Seq,TRANSCRIPTOMIC,cDNA,PAIRED,SAMN34354096,SRR24288992,22,0,[],['Oryza sativa'],0.0,,1,This study examines the effects of low temperature on the global increase of N6-methyldeoxyadenosine in Arabidopsis thaliana and Rice through RNA-Seq analysis.
PRJNA946691,Soil microbial abundance and diversity: OCF-1,BGISEQ,167536,87052145,"Ammonia volatilization, greenhouse gases emission and microbiological mechanisms following the application of nitrogen fertilizers in a saline-alkali paddy ecosystem",Chinese Academy of Sciences,soil metagenome,RNA-Seq,TRANSCRIPTOMIC,PCR,PAIRED,SAMN33828187,SRR23915680,15,0,[],[],0.0,,15,This study investigates the impact of nitrogen fertilizer application on microbial abundance and diversity in a saline-alkali paddy ecosystem.
PRJNA943203,GSM7091451: Os_mRNA_DRS_NaCl; Oryza sativa; RNA-Seq,OXFORD_NANOPORE,475699,306814461,Transfer learning enables identification of multiple types of RNA modification using nanopore direct RNA sequencing,Shanghai Jiao Tong University,Oryza sativa,RNA-Seq,TRANSCRIPTOMIC,cDNA,SINGLE,SAMN33715765,SRR23804245,8,0,[],['Oryza sativa'],0.0,,1,This study uses RNA-Seq to identify multiple types of RNA modifications in Oryza sativa using nanopore direct RNA sequencing.
PRJNA935932,RNA-Seq wild rice,ILLUMINA,54674794,10934958800,Leaf and root transcriptomes for the halophytic wild rice Oryza coarctata under salinity,M. S. Swaminathan Research Foundation,Oryza coarctata,RNA-Seq,TRANSCRIPTOMIC,size fractionation,PAIRED,SAMN33329881,SRR23501991,12,0,"['leaf', 'root']",[],0.0,,12,The study aims to analyze the leaf and root transcriptomes of the halophytic wild rice Oryza coarctata under salinity conditions using RNA-Seq.
PRJNA931803,RNA-seq of rice,ILLUMINA,20335778,6100733400,Oryza sativa transcriptome raw data,Nanjing Agricultural University,Oryza sativa,RNA-Seq,TRANSCRIPTOMIC,Oligo-dT,PAIRED,SAMN33099780,SRR23354204,9,0,[],[],0.0,,9,RNA-seq of rice transcriptome was conducted using Illumina platform.
PRJNA929695,RNA-seq of Root sample treated with NaCl and allantoin - Replicate 2,ILLUMINA,13279134,4275881148,Understanding the role of allantoin in salinity stress tolerance mechanism of rice through transcriptomic study,"National Institute for Plant Biotechnology, Pusa,",Oryza sativa Indica Group,RNA-Seq,TRANSCRIPTOMIC,RANDOM,PAIRED,SAMN32968904,SRR23281891,8,0,['root'],[],0.0,,1,This study investigates the role of allantoin in salinity stress tolerance mechanisms in rice through transcriptomic analysis of root samples treated with NaCl and allantoin.
PRJNA922574,"GSM6926994: RRSV 21dpi, scRNAseq; Oryza sativa; RNA-Seq",ILLUMINA,366126801,109838040300,Single cell sequencing revealed cell heterogeneity in rice infected with RRSV and RGSV,"WuJianGuo, College of Plant protection, Fujian Agr",Oryza sativa,RNA-Seq,TRANSCRIPTOMIC SINGLE CELL,cDNA,PAIRED,SAMN32668409,"SRR23041839,SRR23041840,SRR23041841,SRR23041842",9,0,[],['Oryza sativa'],0.0,,9,The study aims to reveal cell heterogeneity in rice infected with RRSV and RGSV using single-cell RNA sequencing.
PRJNA752172,OsHDA706 mediates the deacetylation of H4K5/K8 of OsPP2C49 in response to salt stress in rice,ILLUMINA,22479202,6743760600,OsHDA706 mediates the deacetylation of H4K5/K8 of OsPP2C49 in response to salt stress in rice,Yangzhou University,Oryza sativa,RNA-Seq,GENOMIC,cDNA,PAIRED,SAMN20585588,SRR15400176,14,0,[],['Oryza sativa'],0.0,,14,This study investigates the role of OsHDA706 in mediating deacetylation of H4K5/K8 of OsPP2C49 in response to salt stress in rice.
PRJNA899815,GSM6722285: osnrpd1-1_rep3; Oryza sativa; RNA-Seq,ILLUMINA,20487769,472767083,Evolution of lmiRNAs and their targets from MITEs for rice adaptation,"School of Life Sciences, Tsinghua University",Oryza sativa,RNA-Seq,OTHER,cDNA,SINGLE,SAMN31669323,SRR22244845,12,0,[],['osnrpd1-1'],0.0,,12,This study investigates the evolution of lmiRNAs and their targets from MITEs in rice adaptation using RNA-Seq.
PRJNA898664,Comparison of alkaline resistance of different rice varieties,ILLUMINA,24973372,7492011600,Comparison of alkaline resistance of different rice varieties,"Northeast Institute of Geography and Agroecology, ",Oryza sativa,RNA-Seq,TRANSCRIPTOMIC,other,PAIRED,SAMN31620200,SRR22223210,16,0,[],['different rice varieties'],0.0,,16,The study aims to compare the alkaline resistance of different rice varieties.
PRJNA892745,mRNA-seq of Oryza sativa: IR salt-stressed root tissues,ILLUMINA,20601489,1030074450,MicroRNAs regulating salt stress adaptation in rice,Institute of Genome research,Oryza sativa,miRNA-Seq,TRANSCRIPTOMIC,PCR,PAIRED,SAMN31395401,SRR21997216,8,0,['root'],[],0.0,,8,The study aims to investigate the mRNA-seq of Oryza sativa under salt stress in root tissues to identify microRNAs regulating salt stress adaptation.
PRJNA889923,Y10RNA-seq_salt,ILLUMINA,21021191,6306357300,Translatome and transcriptome analyses reveal small peptides enhace salt stress in plants,Jiangsu Academy of Agricultural Science,Oryza sativa,RNA-Seq,TRANSCRIPTOMIC,RT-PCR,PAIRED,SAMN31262597,SRR21883625,4,0,[],['Oryza sativa'],0.0,,4,The study aims to analyze the translatome and transcriptome of plants under salt stress conditions using RNA-Seq.
PRJNA885034,RNAseq of rice root,ILLUMINA,21608919,6482675700,Oryza sativa Japonica Group Raw sequence reads,Guangxi University,Oryza sativa Japonica Group,RNA-Seq,TRANSCRIPTOMIC,Oligo-dT,PAIRED,SAMN31063408,SRR21741226,12,0,['root'],[],0.0,,12,RNAseq of rice root using Illumina sequencing technology.
PRJNA880891,GSM6586820: NaCl_OE1_03; Oryza sativa; RNA-Seq,ILLUMINA,33328966,9811471920,Overexpression of OsERF106MZ promotes root growth in rice seedlings by relieving the ABA-mediated inhibition of root growth,"R414, Agronomy, National Taiwan University",Oryza sativa Japonica Group,RNA-Seq,TRANSCRIPTOMIC,cDNA,PAIRED,SAMN30875272,SRR21594512,12,0,['root'],[],0.0,,12,The study investigates the effect of overexpressing OsERF106MZ on root growth in rice seedlings by relieving ABA-mediated inhibition.
PRJNA876726,"GSM6543199: seed, WT, salt stress, rep3; Oryza sativa; RNA-Seq",ILLUMINA,23880454,7164136200,Effect of depletion of OsMFT1 on gene expression in the absence and presence of salt stress during seed germination.,Nanjing Agricultural University,Oryza sativa,RNA-Seq,TRANSCRIPTOMIC,cDNA,PAIRED,SAMN30670825,SRR21416601,12,0,['seed'],[],0.0,,12,The study investigates the effect of OsMFT1 depletion on gene expression in rice seeds under salt stress conditions during germination.
PRJNA869885,salt stress,OXFORD_NANOPORE,7377367,6947019938,transcriptome profiles of wild type and SOAR1-transgenic plant OE1 with or without NaCl treatment,Jiangsu Academy of Agricultural Sciences,Oryza sativa Japonica Group,RNA-Seq,TRANSCRIPTOMIC,RT-PCR,SINGLE,SAMN30333109,SRR21103390,12,0,[],['Oryza sativa Japonica Group'],0.0,,12,The study aims to profile the transcriptome of wild type and SOAR1-transgenic plants under salt stress conditions.
PRJNA869359,GSM6454919: Toll10B 5h PRO-seq Replicate 2; Drosophila melanogaster; OTHER,ILLUMINA,18163905,555084680,Tissue-specific RNA Polymerase II promoter-proximal pause release and burst kinetics in a Drosophila embryonic patterning network [PRO-seq],"Dept. of Molecular Biosciences, Stockholm Universi",Drosophila melanogaster,OTHER,TRANSCRIPTOMIC,other,SINGLE,SAMN30306435,SRR21043045,16,0,[],[],0.0,,1,This study investigates RNA Polymerase II promoter-proximal pause release and burst kinetics in a Drosophila embryonic patterning network using PRO-seq.
PRJNA856424,RNA-seq of Oryza sativa: 93-11,ILLUMINA,26762272,7952779074,Oryza sativa Genome sequencing and assembly,Jilin Agricultural University,Oryza sativa,RNA-Seq,TRANSCRIPTOMIC,PCR,PAIRED,SAMN29552479,SRR20016368,12,0,[],['93-11'],0.0,,12,RNA-seq analysis of the Oryza sativa cultivar 93-11.
PRJNA854819,control/control-recovery,ILLUMINA,74341112,22302333600,Oryza sativa Transcriptome: Cross-stress memory,Federal University of Pelotas,Oryza sativa,RNA-Seq,TRANSCRIPTOMIC,PCR,PAIRED,SAMN29493756,SRR19995510,8,0,[],['Oryza sativa'],0.0,,8,The study investigates the transcriptome of Oryza sativa under control and recovery conditions using RNA-Seq.
PRJNA851797,GSM6261084: Root-Rep3-aoc-Salt-72h; Oryza sativa; RNA-Seq,ILLUMINA,44429014,13328704200,Jasmonate signaling controls negative and positive effectors of salt stress tolerance in rice,"IBMP, CNRS",Oryza sativa,RNA-Seq,TRANSCRIPTOMIC,cDNA,PAIRED,SAMN29251903,SRR19786640,48,0,['root'],[],3.0,,1,This study investigates the role of jasmonate signaling in controlling both negative and positive effectors of salt stress tolerance in rice through RNA-Seq analysis.
PRJNA827100,"GSM6234250: mock, 150mM, root, sample 3; Oryza sativa; RNA-Seq",ILLUMINA,28211786,8519959372,Transcriptome analysis provides insights into the mechanism of salt tolerance in rice colonized by arbuscular mycorrhizal fungi,"R1047, Institute of Plant Biology",Oryza sativa,RNA-Seq,TRANSCRIPTOMIC,cDNA,PAIRED,SAMN28963043,SRR19616516,23,0,['root'],[],0.0,,1,"This study uses RNA-Seq to analyze the transcriptome of rice (Oryza sativa) roots under salt stress conditions, with and without colonization by arbuscular mycorrhizal fungi."
PRJNA842927,RNA-Seq of HD961,ILLUMINA,87189197,26156759100,Oryza sativa Raw sequence reads,Guangdong Ocean University,Oryza sativa,RNA-Seq,TRANSCRIPTOMIC,Oligo-dT,PAIRED,SAMN28693272,SRR19440941,6,0,[],['HD961'],0.0,,6,RNA-Seq study of the Oryza sativa cultivar HD961 using Illumina platform.
PRJNA841338,RNA-seq of oryza sativa: salt stress,ILLUMINA,291275974,84112743736,Oryza sativa Salt stress Raw sequence reads,shanghai academy of agricultural sciences,Oryza sativa,RNA-Seq,TRANSCRIPTOMIC,PCR,PAIRED,SAMN28590590,SRR19352340,1,0,[],['Oryza sativa'],0.0,,1,The study involves RNA-seq of Oryza sativa under salt stress conditions.
PRJNA833321,Leaf sample subjected with 1 mM sodium silicate plus 100 mM sodium chloride biological replication 1,ILLUMINA,42864821,12842494520,Circular RNAs in rice during salt stress and silicon alleviating the salt stress,Yangtze University,Oryza sativa,RNA-Seq,TRANSCRIPTOMIC,PCR,PAIRED,SAMN27968557,SRR19040509,12,0,['leaf'],[],0.0,,1,The study examines the effect of salt stress and silicon on circular RNAs in rice leaves.
PRJNA812782,"mRNAseq of wild type rice roots,salt treated sample",ILLUMINA,25585206,6396301500,A rice mutant enhanced tolerance to salt stress,Nanjing Agriculture University,Oryza sativa Japonica Group,RNA-Seq,TRANSCRIPTOMIC,RT-PCR,PAIRED,SAMN26429559,SRR18218820,10,0,['root'],[],0.0,,10,The study involves RNA sequencing of wild type rice roots under salt stress conditions to investigate tolerance mechanisms.
PRJNA809028,GSM5909718: RNA seq of Oryzae sativa cv TN1 in drought and pathogen stress; Oryza sativa; RNA-Seq,ILLUMINA,40898809,8179761800,"RNA Seq analysis of tolerant (BPT5204) and susceptible (TN1) variety of Oryza sativa cv. Indica under drought, pathogen, and combined stress",Regional Centre for Biotechnology,Oryza sativa,RNA-Seq,TRANSCRIPTOMIC,cDNA,PAIRED,SAMN26137923,SRR18090871,8,0,[],"['TN1', 'BPT5204']",0.0,,8,"RNA-Seq analysis of Oryza sativa cultivar Indica varieties TN1 and BPT5204 under drought, pathogen, and combined stress conditions."
PRJNA808600,GSM5907344: Saline Mcemp1-/- 3 [SAL_KO3]; Mus musculus; RNA-Seq,ILLUMINA,65513806,4913535450,Lung-specific MCEMP1 acts as an adaptor for KIT to promote SCF-mediated mast cell proliferation [Lung RNA-seq],"Jae Jung, Cancer biology, Cleveland Clinic Lerner ",Mus musculus,RNA-Seq,TRANSCRIPTOMIC,cDNA,SINGLE,SAMN26091668,"SRR18076677,SRR18076678",14,0,[],[],0.0,,14,This study investigates the role of lung-specific MCEMP1 as an adaptor for KIT in promoting SCF-mediated mast cell proliferation using RNA-Seq.
PRJNA800054,GSM5832265: WT-S-6-2; Oryza sativa Japonica Group; RNA-Seq,ILLUMINA,43797733,13226915366,A plant-specific splicing factor RS33 regulates abiotic stress responses in rice,Laboratory for Genome Engineering and Synthetic Bi,Oryza sativa Japonica Group,RNA-Seq,TRANSCRIPTOMIC,cDNA,PAIRED,SAMN25227051,SRR17720811,24,0,[],['Oryza sativa Japonica Group'],0.0,,24,This study investigates the regulation of abiotic stress responses in rice using RNA-Seq with a focus on the plant-specific splicing factor RS33.
PRJNA790757,cDNA of Oryza sativa: salinity treat leaf,ILLUMINA,23596495,7078948500,RNA-seq files for HY73 trios,Shanghai Agrobiological Gene Center,Oryza sativa,RNA-Seq,TRANSCRIPTOMIC,cDNA,PAIRED,SAMN24388890,SRR17329377,99,0,['leaf'],[],0.0,,1,The study involves RNA-seq analysis of Oryza sativa leaves under salinity treatment conditions.
PRJNA754696,Oryza sativa sequence reads,ILLUMINA,26084351,7825305300,Oryza sativa sequence reads,Institute of Botany The Chinese Academy of Science,Oryza sativa,RNA-Seq,TRANSCRIPTOMIC,Oligo-dT,PAIRED,SAMN20799533,SRR15724031,9,0,[],['Oryza sativa'],0.0,,9,This study involves RNA-Seq sequencing of Oryza sativa using an Illumina platform.
PRJNA747995,3' tag seq of rice:SS time 2 rep1,ILLUMINA,2209147,213799790,Oryza sativa cv 'Luang Prathan' Transcriptome,Chulalongkorn University,Oryza sativa,CLONEEND,TRANSCRIPTOMIC,Oligo-dT,SINGLE,SAMN21038277,SRR15677108,36,0,[],['Luang Prathan'],0.0,,36,This study involves 3' tag sequencing of the rice cultivar 'Luang Prathan'.
PRJNA746561,GSM5453213: X35STRAPLATEOSROOT3; Oryza sativa Japonica Group; RNA-Seq,ILLUMINA,9638166,491546466,Rice root response atlas,GEO,Oryza sativa Japonica Group,RNA-Seq,TRANSCRIPTOMIC,cDNA,SINGLE,SAMN20218407,SRR15141608,238,0,['root'],[],0.0,,1,The study examines the RNA-Seq response in rice roots of Oryza sativa Japonica Group.
PRJEB46002,Illumina HiSeq 2500 paired end sequencing; RNA sequencing of rice root in salt stress condition (250mM NaCl treatment),ILLUMINA,51760444,10455609688,RNA sequencing of rice root in salt stress condition (250mM NaCl treatment),KYUNG HEE UNIVERSITY,Oryza sativa Japonica Group,RNA-Seq,TRANSCRIPTOMIC,Oligo-dT,PAIRED,SAMEA9303472,ERR6150258,8,0,['root'],[],0.0,,1,RNA sequencing of rice root under salt stress condition (250mM NaCl treatment) to study transcriptomic changes.
PRJNA378253,Pokkali_vegetative-EC12_144hr_sRNA,ILLUMINA,27069772,1125117595,Genomic and epigenomic analysis of transgressive segregation in rice,Texas Tech University,Oryza sativa Indica Group,miRNA-Seq,TRANSCRIPTOMIC,size fractionation,SINGLE,SAMN06475343,SRR12213131,90,0,[],['Pokkali'],6.0,,1,The study involves miRNA sequencing of the Pokkali rice cultivar under vegetative conditions over a time course of 144 hours.
PRJNA732136,RNA-Seq of Oryza sativa: RPYCK0d-3 root,ILLUMINA,20696916,6190978234,Transcriptome sequencing of the roots of RPY geng (japonica) and Chao 2R (indica) at 2-week seedlings under salt stress,Wuhan University,Oryza sativa,RNA-Seq,TRANSCRIPTOMIC,Oligo-dT,PAIRED,SAMN19313303,SRR14627528,18,0,['root'],"['RPY geng (japonica)', 'Chao 2R (indica)']",14.0,,18,RNA-Seq analysis of roots from japonica and indica rice cultivars at the seedling stage under salt stress conditions.
PRJNA729996,GSM5311698: tas3c1_Rep3; Oryza sativa; RNA-Seq,ILLUMINA,20924229,1569317175,TAS3-derived short-interfering RNAs confer cleavage of mRNAs in rice,GEO,Oryza sativa,RNA-Seq,TRANSCRIPTOMIC,cDNA,SINGLE,SAMN19193827,SRR14539554,12,0,[],['Oryza sativa'],0.0,,12,This study investigates the cleavage of mRNAs in rice mediated by TAS3-derived short-interfering RNAs using RNA-Seq.
PRJNA609211,NaCl05-1,ILLUMINA,16599870,5013160740,Rice high-throughput sequencing data for water-saving and drought-resistance rice breeding (WDR),Shanghai Agrobiological Gene Center,Oryza sativa Japonica Group,RNA-Seq,TRANSCRIPTOMIC,RANDOM,PAIRED,SAMN18652289,SRR14188046,448,0,[],['Oryza sativa Japonica Group'],0.0,,448,This study involves high-throughput sequencing data for rice aimed at water-saving and drought-resistance breeding.
PRJNA704358,GSM5102562: Salt-IL22-3; Oryza sativa; RNA-Seq,ILLUMINA,17753199,5325959700,Integrative approach for precise genotyping and transcriptomics of a salt tolerant introgression line in rice,GEO,Oryza sativa,RNA-Seq,TRANSCRIPTOMIC,cDNA,PAIRED,SAMN18038576,SRR13771118,12,0,[],['Salt-IL22-3'],0.0,,12,This study involves RNA-Seq analysis of a salt-tolerant introgression line in rice (Oryza sativa) to understand its transcriptomic profile.
PRJNA701366,"NaCl salinity induced comparative transcriptome profile of two rice cultivars of Sundarban, Bangladesh (Oryza sativa L. , Cultivar Kutepatnai)",ILLUMINA,11489954,3358121514,"NaCl salinity induced comparative transcriptome profile of two rice cultivars of Sundarban, Bangladesh (Oryza sativa L. , Cultivar Charobalam and Kutepatnai)",The University of Burdwan,Oryza sativa,RNA-Seq,TRANSCRIPTOMIC,cDNA,PAIRED,SAMN17864405,SRR13684649,2,0,[],"['Kutepatnai', 'Charobalam']",0.0,,2,"The study aims to compare the transcriptome profiles of two rice cultivars, Kutepatnai and Charobalam, under NaCl salinity stress in Sundarban, Bangladesh."
PRJNA698439,RNA-seq of Kitaake3 leaves seedlings,ILLUMINA,43451982,13035594600,Oryza sativa Raw sequence reads,northeast normal university,Oryza sativa,RNA-Seq,TRANSCRIPTOMIC,Oligo-dT,PAIRED,SAMN17718629,SRR13594784,8,0,['leaf'],['Kitaake3'],0.0,,8,RNA-seq analysis of Oryza sativa (Kitaake3) leaf seedlings using Illumina sequencing technology.
PRJNA693656,rice leaves transcriptome,ILLUMINA,104536,51013568,INFLUENCE OF DIFFERENT PHYTOREMEDIATION ON SOIL MICROBIAL DIVERSITY AND COMMUNITY COMPOSITION IN SALINE ALKALINE LAND,Ningxia Academy of Agriculture and Forestry Scienc,soil metagenome,RNA-Seq,TRANSCRIPTOMIC,cDNA,PAIRED,SAMN17393318,SRR13498935,15,0,[],[],0.0,,15,The study investigates the influence of different phytoremediation methods on soil microbial diversity and community composition in saline alkaline land.
PRJNA690171,RNA-Seq of Oryza sativa:B2:salt:leaf,ILLUMINA,18381638,643357330,ARMOUR A Rice miRNA mRNA Interaction Resource,ICGEB NEW DELHI,Oryza sativa Indica Group,RNA-Seq,TRANSCRIPTOMIC,cDNA,SINGLE,SAMN17245508,SRR13375885,10,0,['leaf'],[],0.0,,10,RNA-Seq study of Oryza sativa leaves under salt stress conditions.
PRJNA683794,RNA-seq of Oryza sativa,ILLUMINA,19257863,5261401320,Oryza sativa Raw sequence reads,Northeast Agricultural University,Oryza sativa,RNA-Seq,TRANSCRIPTOMIC,PCR,PAIRED,SAMN17037413,SRR13224348,12,0,[],[],0.0,,12,RNA-seq of Oryza sativa using Illumina platform.
PRJNA613869,3-RNA-seq of Nipponbare 4x with salt stress rep2,ILLUMINA,1191447,357434100,Ploidy-induced DNA methylation potentiates gene expression for salt tolerance in tetraploid rice,Nanjing Agricultural University,Oryza sativa Japonica Group,RNA-Seq,TRANSCRIPTOMIC,RANDOM PCR,PAIRED,SAMN16869134,SRR13105621,55,0,[],['Nipponbare'],0.0,,1,The study investigates the impact of ploidy-induced DNA methylation on gene expression for salt tolerance in tetraploid rice.
PRJNA665812,rice,ILLUMINA,28505557,7126389250,Comparative transcriptome analysis of two rice genotypes differing in their tolerance to saline-alkaline stress,Northwest A&F University,Oryza sativa,RNA-Seq,TRANSCRIPTOMIC,PCR,PAIRED,SAMN16268948,SRR12719341,16,0,[],['two rice genotypes differing in their tolerance to saline-alkaline stress'],0.0,,16,The study aims to conduct a comparative transcriptome analysis of two rice genotypes with different tolerances to saline-alkaline stress.
PRJNA663309,5ppt Riceflour,OXFORD_NANOPORE,4222,1442235,Metagenomics of biofloc from Penaeus vannamei biofloc culture systems with different salinity and carbon sources,"College of Fisheries Engineering, TamilNadu Fisher",biofloc metagenome,RNA-Seq,METAGENOMIC,PCR,SINGLE,SAMN16128947,SRR12635729,12,0,[],[],0.0,,12,This study involves metagenomics analysis of biofloc from Penaeus vannamei culture systems with varying salinity and carbon sources.
PRJNA649253,RNA-seq of rice root:wild-type zh11 treated with NaCl for 24 hours,ILLUMINA,20970081,6291024300,Hyperosmolality -and Salt -stresses in Rice Shoot,Beijing Normal University,Oryza,RNA-Seq,TRANSCRIPTOMIC,RANDOM PCR,PAIRED,SAMN15661024,SRR12340154,18,0,['root'],['zh11'],1.0,,1,RNA-seq analysis of rice root tissue from the wild-type zh11 cultivar exposed to NaCl for 24 hours.
PRJNA639386,RNA-Seq of rice:seedling leaf,ILLUMINA,16820853,5046255900,The miR172/IDS1 module improves rice salt tolerance through maintaining ROS homeostasis,Chinese Academy of Agricultural Sciences,Oryza sativa Japonica Group,RNA-Seq,TRANSCRIPTOMIC,RANDOM,PAIRED,SAMN15234695,SRR12011296,35,0,['leaf'],[],0.0,,35,The study aims to investigate the role of the miR172/IDS1 module in improving rice salt tolerance through maintaining ROS homeostasis using RNA-Seq of seedling leaves.
PRJNA638935,RNA-Seq of Oryza sativa: seedling root,ILLUMINA,22340594,6679146474,overexpression SiMYB16 enhanced salt tolerance in transgenic rice,Institute of Crop Science,Oryza sativa,RNA-Seq,TRANSCRIPTOMIC,cDNA,PAIRED,SAMN15216697,SRR11999250,12,0,['root'],[],0.0,,12,RNA-Seq analysis of Oryza sativa seedling roots to study the effect of overexpressing SiMYB16 on salt tolerance in transgenic rice.
PRJNA630172,GSM4512922: mel1_prophase_I_degradome_rep3; Oryza sativa; RNA-Seq,ILLUMINA,43475518,13042655400,21-nt phasiRNAs direct target mRNA cleavage in rice male germ cells,GEO,Oryza sativa,RNA-Seq,TRANSCRIPTOMIC,cDNA,PAIRED,SAMN14827292,SRR11684142,65,0,[],['Oryza sativa'],0.0,,1,This study investigates the role of 21-nt phasiRNAs in directing target mRNA cleavage in rice male germ cells using RNA-Seq.
PRJNA628609,GSM4498957: Os11: Reprodutive and vegetative R1; Oryza sativa Indica Group; RNA-Seq,ILLUMINA,13437262,2714326924,Long-term transcriptional memory in rice plants submitted to salt shock,GEO,Oryza sativa Indica Group,RNA-Seq,TRANSCRIPTOMIC,cDNA,PAIRED,SAMN14734797,SRR11614376,8,0,[],['Oryza sativa Indica Group'],0.0,,8,This study investigates long-term transcriptional memory in rice plants of the Oryza sativa Indica Group exposed to salt shock.
PRJNA610709,PKSR_S2,ILLUMINA,10776669,592716795,Mapping the Salt Stress Induced Changes in Root miRNome in Pokkali Rice,ICGEB NEW DELHI,Oryza sativa Indica Group,OTHER,OTHER,PCR,SINGLE,SAMN14309808,SRR11249096,10,0,['root'],['Pokkali Rice'],0.0,,10,The study aims to map the changes in the miRNome of rice roots under salt stress conditions using Pokkali Rice cultivar.
PRJNA606915,Plant sample from Oryza sativa,ILLUMINA,27158856,8147656800,Oryza sativa cultivar:Hwayoung Raw sequence reads,Institute of Botany The Chinese Academy of Science,Oryza sativa,RNA-Seq,TRANSCRIPTOMIC,Oligo-dT,PAIRED,SAMN14116605,SRR11093416,8,0,[],['Hwayoung'],0.0,,8,The study involves RNA-Seq analysis of Oryza sativa cultivar Hwayoung using Illumina sequencing technology.
PRJNA602982,Oryza sativa Raw sequence reads,ILLUMINA,24189779,7231354940,Oryza sativa cultivar:Dongjin Raw sequence reads,Institute of Botany The Chinese Academy of Science,Oryza sativa,RNA-Seq,TRANSCRIPTOMIC,Oligo-dT,PAIRED,SAMN13915071,SRR11011998,18,0,[],['Dongjin'],0.0,,18,This study involves RNA-Seq of the Dongjin cultivar of Oryza sativa using Illumina sequencing technology.
PRJNA602156,GSM4276659: MT100_3 (rep3); Oryza sativa; RNA-Seq,ILLUMINA,40949381,12284814300,Exogenous melatonin promotes rice seed germination under salinity through regulating reactive oxygen species and phytohormones,GEO,Oryza sativa,RNA-Seq,TRANSCRIPTOMIC,cDNA,PAIRED,SAMN13884431,SRR10914877,9,0,[],['Oryza sativa'],0.0,,9,"This study investigates the effect of exogenous melatonin on rice seed germination under salinity conditions, focusing on its regulation of reactive oxygen species and phytohormones."
PRJNA601438,GSM4273186: 8-D0-Neg; Homo sapiens; RNA-Seq,ILLUMINA,3860957,355450157,Multi-tissue epigenetic analysis of the osteoarthritis susceptibility locus mapping to the plectin gene PLEC,GEO,Homo sapiens,RNA-Seq,TRANSCRIPTOMIC,cDNA,PAIRED,SAMN13867217,SRR10898935,7,0,[],[],0.0,,7,This study involves multi-tissue epigenetic analysis of the osteoarthritis susceptibility locus mapping to the plectin gene PLEC in humans.
PRJEB4671,Illumina HiSeq 2000 sequencing; Salt stress in salt sensitive Oryza sativa Indica group Pokkali (salt sensitive),ILLUMINA,35063784,1788252984,Salt stress in salt sensitive Oryza sativa Indica group Pokkali (salt sensitive),,Oryza sativa Indica Group,RNA-Seq,TRANSCRIPTOMIC,cDNA,SINGLE,SAMEA2201325,ERR348363,30,0,[],['Pokkali'],0.0,,30,The study investigates the transcriptomic response of salt-sensitive Oryza sativa Indica group Pokkali to salt stress using RNA-Seq.
PRJNA596579,RNA-seq of Oryza sativa,ILLUMINA,23693230,7080461720,Oryza sativa Genome sequencing,Northeast Agricultural University,Oryza sativa Indica Group,RNA-Seq,TRANSCRIPTOMIC,PCR,PAIRED,SAMN13631563,SRR10737337,12,0,[],[],0.0,,12,RNA-seq of Oryza sativa Indica Group using Illumina platform.
PRJNA413596,RNAseq of Oryza sativa: 14 days whole plant after 24hr 300mM NaCl rep3,ILLUMINA,19428054,5828416200,Sporobolus alterniflorus Transcriptome or Gene expression,Fujian Agriculture and Forestry University,Oryza sativa Japonica Group,RNA-Seq,TRANSCRIPTOMIC,RANDOM,PAIRED,SAMN13135502,SRR10382015,36,0,[],['Oryza sativa Japonica Group'],14.0,,36,"RNAseq study of Oryza sativa Japonica Group whole plants exposed to 300mM NaCl for 24 hours, followed by sequencing over a 14-day period."
PRJNA552849,GSM3928804: sRNA treated root; Oryza sativa; miRNA-Seq,ILLUMINA,27272034,1363601700,Identification of known and novel miRNAs in the salt tolerant rice Oryza sativa cv. Pokkali in root and shoots of control and NaCl exposed seedlings,GEO,Oryza sativa,miRNA-Seq,TRANSCRIPTOMIC,size fractionation,SINGLE,SAMN12219609,SRR9646390,4,0,"['root', 'shoot']",['Pokkali'],0.0,,4,The study aims to identify known and novel miRNAs in salt-tolerant rice (Oryza sativa cv. Pokkali) under control and NaCl exposed conditions in root and shoot tissues.
PRJNA552350,GSM3926196: 28 hours APF rep4; Drosophila melanogaster; RNA-Seq,ILLUMINA,34689578,1769168478,An atlas of transcription factors expressed in the Drosophila melanogaster pupal terminalia,GEO,Drosophila melanogaster,RNA-Seq,TRANSCRIPTOMIC,cDNA,SINGLE,SAMN12204457,SRR9636687,8,0,[],[],1.1666666666666667,,8,This study aims to create an atlas of transcription factors expressed in the Drosophila melanogaster pupal terminalia using RNA-Seq.
PRJNA546269,GSM3852664: Barley-Shoot-SALT3; Hordeum vulgare; RNA-Seq,ILLUMINA,57509381,17252814300,Transcriptomic and alternative splicing analyses reveal mechanisms of the difference in salt tolerance between barley and rice,GEO,Hordeum vulgare,RNA-Seq,TRANSCRIPTOMIC,cDNA,PAIRED,SAMN11958601,SRR9201551,24,0,['shoot'],[],0.0,,1,The study aims to analyze the transcriptomic and alternative splicing differences in salt tolerance between barley and rice using RNA-Seq.
PRJNA546253,GSM3851667: TreatedEC6; Oryza sativa; RNA-Seq,ILLUMINA,10145232,3063860064,Screening Salinity Tolerance and Transcriptome Analysis in Rice (Oryza sativa L.),GEO,Oryza sativa,RNA-Seq,TRANSCRIPTOMIC,cDNA,PAIRED,SAMN11957970,SRR9198217,2,0,[],['Oryza sativa'],0.0,,1,This study involves RNA-Seq analysis of Oryza sativa to screen for salinity tolerance and transcriptome changes.
PRJNA544967,RNA-seq of Arabidopsis seedlings: T-DNA insertion mutation treated with NaCl for 36 hours,ILLUMINA,21714494,6514348200,Hyperosmolality- and Salt-stresses in Rice,Beijing Normal University,Oryza,RNA-Seq,TRANSCRIPTOMIC,RANDOM PCR,PAIRED,SAMN10830048,SRR9130363,6,0,[],[],1.5,,6,RNA-seq analysis of Arabidopsis seedlings with T-DNA insertion mutations exposed to NaCl for 36 hours.
PRJNA543245,GSM3769102: osnrpd1ab_base_sRNA180209_rep3; Oryza sativa Japonica Group; ncRNA-Seq,ILLUMINA,30943938,1547196900,Control of Rice Tillering by RNA-directed DNA Methylation at Miniature Inverted-repeat Transposable Elements,GEO,Oryza sativa Japonica Group,ncRNA-Seq,TRANSCRIPTOMIC,size fractionation,SINGLE,SAMN11658555,SRR9070111,18,0,[],['Oryza sativa Japonica Group'],0.0,,18,This study investigates the control of rice tillering by RNA-directed DNA methylation at miniature inverted-repeat transposable elements using ncRNA-Seq.
PRJNA535402,Salt-P-indica-treated-Rice,ILLUMINA,23590104,4718020800,Oryza sativa cultivar:indica Transcriptome or Gene expression,Jamia Hamdard,Oryza sativa Indica Group,RNA-Seq,TRANSCRIPTOMIC,Oligo-dT,PAIRED,SAMN11553153,SRR9002696,4,0,[],['indica'],0.0,,4,This study investigates the transcriptome of Oryza sativa indica cultivar under salt and P-indica treatment conditions using RNA-Seq.
PRJNA530826,abiotic stress of rice,ILLUMINA,26465215,7880396243,"Rice seeding response to heat, drought and salt stress",Hunan Agricultural University,Oryza sativa Japonica Group,RNA-Seq,TRANSCRIPTOMIC,other,PAIRED,SAMN11337804,SRR8848643,66,0,[],[],0.0,,66,"The study investigates the transcriptomic response of rice seedlings to heat, drought, and salt stress."
PRJNA528350,RNA-Seq of Oryza sativa: 3-d-old primary root,ILLUMINA,25167543,7550262900,Oryza Sativa Transcriptome,Chinese Academy of Agricultural Sciences,Oryza sativa Japonica Group,RNA-Seq,TRANSCRIPTOMIC,RANDOM PCR,PAIRED,SAMN11180448,SRR8784953,6,0,['root'],[],3.0,,6,RNA-Seq analysis of 3-day-old primary roots of Oryza sativa Japonica Group.
PRJNA528488,GSM3682444: OS_RS_SUB4 [OS-RSSUB4]; Oryza sativa Japonica Group; RNA-Seq,ILLUMINA,85443633,4305848071,"Multiscale gene expression profiling of 1 cm root tips of control and submerged Oryza sativa, Medicago truncatula, Solanum lycopersicum and Solanum pennellii seedlings",GEO,Oryza sativa Japonica Group,RNA-Seq,TRANSCRIPTOMIC,cDNA,SINGLE,SAMN11191709,"SRR8763833,SRR8763834",231,0,['root'],['Oryza sativa Japonica Group'],0.0,,231,"The study involves multiscale gene expression profiling of 1 cm root tips from control and submerged seedlings of Oryza sativa, Medicago truncatula, Solanum lycopersicum, and Solanum pennellii."
PRJNA493951,"IR29- Root - Salt stress, r2",ILLUMINA,26439003,7931700900,Dissecting Molecular Mechanisms Underlying Salt Tolerance in Rice: A Comparative Transcriptional Profiling of the Contrasting Genotypes (IR29 vs. FL478),Agricultural Biotechnology Research Institute of I,Oryza sativa,RNA-Seq,TRANSCRIPTOMIC,cDNA,PAIRED,SAMN10145536,SRR7945234,4,0,['root'],['IR29'],0.0,,4,This study aims to dissect the molecular mechanisms underlying salt tolerance in rice by comparing transcriptional profiles of contrasting genotypes IR29 and FL478.
PRJNA493923,"FL478- Root - Salt stress, r2",ILLUMINA,25037029,7511108700,Dissecting Molecular Mechanisms Underlying Salt Tolerance in Rice: A Comparative Transcriptional Profiling of the Contrasting Genotypes (IR29 vs. FL478),Agricultural Biotechnology Research Institute of I,Oryza sativa,RNA-Seq,TRANSCRIPTOMIC,cDNA,PAIRED,SAMN10145493,SRR7944793,4,0,['root'],"['IR29', 'FL478']",0.0,,4,This study aims to dissect the molecular mechanisms underlying salt tolerance in rice by comparing transcriptional profiles of contrasting genotypes IR29 and FL478 under salt stress conditions.
PRJNA438658,GSM3640103: RNAseq_RNaseR_seedling; Oryza sativa; RNA-Seq,ILLUMINA,89369802,26810940600,Characterization of functional relationships of R-loops with gene transcription and epigenetic modifications in rice,GEO,Oryza sativa Japonica Group,RNA-Seq,TRANSCRIPTOMIC,cDNA,PAIRED,SAMN11055539,SRR8669680,10,0,[],['Oryza sativa Japonica Group'],0.0,,10,The study aims to characterize the functional relationships of R-loops with gene transcription and epigenetic modifications in rice.
PRJNA523300,RNA-seq of Oryza sativa: shoot,ILLUMINA,147865418,11089906350,Ribo profiling of rice under normal and salt stress conditions,Shenzhen University,Oryza sativa,RNA-Seq,TRANSCRIPTOMIC,size fractionation,SINGLE,SAMN10970121,SRR8594300,16,0,['shoot'],[],0.0,,16,RNA-seq of Oryza sativa shoots under normal and salt stress conditions.
PRJNA516290,RNA-Seq of Dickeya zeae: the wild type strain,ILLUMINA,8590359,2577107700,pathogen that causes rice rot disease,South China Agricultural University,Dickeya zeae,RNA-Seq,TRANSCRIPTOMIC,cDNA,PAIRED,SAMN10786051,SRR8468242,4,0,[],[],0.0,,4,"RNA-Seq analysis of the wild type strain of Dickeya zeae, a pathogen causing rice rot disease."
PRJNA512854,GSM3538003: Rashpanjor Biological Rep 2 (Waterlogging); Oryza sativa; RNA-Seq,ILLUMINA,21577768,5394442000,Preformed aerenchyma determines the differential tolerance response under partial submergence imposed by fresh and saline water flooding in rice,GEO,Oryza sativa,RNA-Seq,TRANSCRIPTOMIC,cDNA,PAIRED,SAMN10689644,SRR8392837,12,0,[],['Oryza sativa'],0.0,,12,The study investigates the differential tolerance response of rice to partial submergence under fresh and saline water flooding conditions.
PRJNA511618,IR64 seedling under Salt stress,ILLUMINA,52171513,10434302600,Oryza sativa strain:- | isolate:- | breed:IR64 | cultivar:indica Transcriptome or Gene expression,"University of Agricultural Research, GKVK, Bangalo",Oryza sativa Indica Group,RNA-Seq,TRANSCRIPTOMIC,other,PAIRED,SAMN10641730,SRR8368279,1,0,['seedling'],['IR64'],0.0,,1,The study investigates the transcriptome of Oryza sativa Indica Group strain IR64 seedlings under salt stress conditions using RNA-Seq.
PRJNA511516,RNA-Seq of Paddy: Presence of an endophyte and salinity stress,ILLUMINA,46312201,9262440200,Salinity Tolerance mediated by mutualistic association of an endophyte in a salt-sensitive rice variety - a Transcriptomic approach,"University of Agricultural Research, GKVK, Bangalo",Oryza sativa Indica Group,RNA-Seq,TRANSCRIPTOMIC,other,PAIRED,SAMN10613648,SRR8365522,1,0,[],['Oryza sativa Indica Group'],0.0,,1,The study investigates the transcriptomic changes in a salt-sensitive rice variety due to the presence of an endophyte under salinity stress conditions.
PRJNA507040,KDML S_2D rep3,ILLUMINA,20680953,1033067526,Oryza sativa Indica Group Transcriptome or Gene expression,Chulalongkorn University,Oryza sativa Indica Group,RNA-Seq,TRANSCRIPTOMIC,size fractionation,SINGLE,SAMN10484564,SRR8265443,9,0,[],['Oryza sativa Indica Group'],0.0,,1,This study involves RNA-Seq analysis of Oryza sativa Indica Group using size fractionation.
PRJNA498361,RNA-Seq of rice plants,ILLUMINA,34795299,10438589700,Transcriptome Sequencing,Anhui Academy of Agricultural Sciences,Oryza sativa Japonica Group,RNA-Seq,TRANSCRIPTOMIC,RANDOM PCR,PAIRED,SAMN10290429,SRR8108724,12,0,[],['Oryza sativa Japonica Group'],0.0,,12,RNA-Seq of rice plants from the Oryza sativa Japonica Group using Illumina sequencing technology.
PRJNA490136,GSM3381667: poks-rna; Oryza sativa; RNA-Seq,ILLUMINA,67036864,3418880064,Comparative transcriptome and translatome analysis in rice revealed differential mRNA translation in Pokkali compared to IR29 under salt stress [Total RNA],GEO,Oryza sativa,RNA-Seq,TRANSCRIPTOMIC,cDNA,SINGLE,SAMN10025563,SRR7813888,4,0,[],"['Pokkali', 'IR29']",0.0,,4,This study compares the transcriptome and translatome in rice cultivars Pokkali and IR29 under salt stress conditions.
PRJNA490134,GSM3381671: poks-ps; Oryza sativa; OTHER,ILLUMINA,110795578,5650574478,Comparative transcriptome and translatome analysis in rice revealed differential mRNA translation in Pokkali compared to IR29 under salt stress [polysomal RNA],GEO,Oryza sativa,OTHER,TRANSCRIPTOMIC,other,SINGLE,SAMN10025477,SRR7813769,4,0,[],"['Pokkali', 'IR29']",0.0,,4,This study compares the transcriptome and translatome in rice cultivars Pokkali and IR29 under salt stress conditions.
PRJNA481973,RNA-Seq of Oryza sativa: M103 shoot control,ILLUMINA,64189157,8023644625,Oryza sativa Japonica Epigenomics and Transcriptomics - Agami and M103,University of North Carolina at Charlotte,Oryza sativa Japonica Group,RNA-Seq,TRANSCRIPTOMIC,PolyA,SINGLE,SAMN09692804,SRR7591232,58,0,['shoot'],['M103'],0.0,,1,RNA-Seq analysis of Oryza sativa Japonica Group shoots from the M103 cultivar.
PRJEB26485,Illumina Genome Analyzer IIx sequencing; RNA-Seq of seed dormancy in red rice,ILLUMINA,19040579,971069529,RNA-Seq of seed dormancy in red rice,"Research Centre for Genomics and Bioinformatics, C",Oryza sativa,RNA-Seq,TRANSCRIPTOMIC,PolyA,SINGLE,SAMEA4624047,ERR2540466,18,0,[],[],0.0,,18,The study involves RNA-Seq analysis of seed dormancy in red rice using the Illumina Genome Analyzer IIx platform.
PRJNA438115,GSM3039537: Sample_s_7_sRNA; Oryza sativa; RNA-Seq,ILLUMINA,26371104,949359744,Comparative miRomics of salt-tolerant and salt-sensitive rice,GEO,Oryza sativa,RNA-Seq,TRANSCRIPTOMIC,cDNA,SINGLE,SAMN08693481,SRR6829490,3,0,[],['Oryza sativa'],0.0,,3,This study involves RNA-Seq analysis of salt-tolerant and salt-sensitive rice to compare miRomics.
PRJNA438116,GSM3039545: Sample_LS_sRNA; Oryza sativa; RNA-Seq,ILLUMINA,32000366,1152013176,"""Mirador"" on the potential role of miRNAs in synergy of light and heat networks",GEO,Oryza sativa,RNA-Seq,TRANSCRIPTOMIC,cDNA,SINGLE,SAMN08693473,SRR6829487,4,0,[],['Oryza sativa'],0.0,,1,The study investigates the role of miRNAs in the interaction between light and heat signaling networks in rice (Oryza sativa) using RNA-Seq.
PRJNA438114,GSM3039532: Sample_S4_sRNA; Oryza sativa; RNA-Seq,ILLUMINA,59469053,2973452650,Developing miRNA profiles for decoding salt stress tolerance in Pokkali rice,GEO,Oryza sativa Indica Group,RNA-Seq,TRANSCRIPTOMIC,cDNA,SINGLE,SAMN08693475,SRR6829483,4,0,[],['Pokkali'],0.0,,1,This study aims to develop miRNA profiles for understanding salt stress tolerance in the Pokkali rice variety.
PRJNA430515,GSM2940052: Baldo untreated roots 3; Oryza sativa Japonica Group; RNA-Seq,ILLUMINA,24416471,1220823550,Adaptation Versus Senescence In Rice: Early Signalling Events Play A Role In Inducing Specificity And Tolerance To Salinity,GEO,Oryza sativa Japonica Group,RNA-Seq,TRANSCRIPTOMIC,cDNA,SINGLE,SAMN08375197,SRR6502108,24,0,['root'],[],0.0,,1,This study investigates RNA-Seq data from untreated roots of Oryza sativa Japonica Group to understand early signaling events in response to salinity.
PRJNA422335,Salt stress in Oryza sativa Indica group IR29 inoculated with endophytic Streptomycetes,ION_TORRENT,1354164,116661029,Salt stress in salt sensitive Oryza sativa Indica group IR29 inoculated with endophytic Streptomycetes,"Actinobacterial Research Unit, Department of Genet",Oryza sativa Indica Group,RNA-Seq,TRANSCRIPTOMIC,cDNA,SINGLE,SAMN08176523,SRR6387765,8,0,[],['IR29'],0.0,,8,The study investigates the effect of salt stress on Oryza sativa Indica group IR29 inoculated with endophytic Streptomycetes.
PRJNA415619,Metatranscriptomics revealed salt stress shapes microbial community in paddy soil,ILLUMINA,6509785,2974709274,rice paddy metagenome Transcriptome,Max Planck Institute for Terrestrial Microbiology,soil metagenome,RNA-Seq,METATRANSCRIPTOMIC,RANDOM,PAIRED,SAMN07829468,SRR6232247,36,0,[],[],0.0,,36,The study aims to investigate how salt stress influences the microbial community in paddy soil through metatranscriptomics.
PRJEB4672,Illumina HiSeq 2000 sequencing; Salt stress in salt sensitive Oryza sativa Indica group IR29 (salt sensitive),ILLUMINA,30690987,1565240337,Salt stress in salt sensitive Oryza sativa Indica group IR29 (salt sensitive),EMBL-EBI,Oryza sativa Indica Group,RNA-Seq,TRANSCRIPTOMIC,cDNA,SINGLE,SAMEA104496838,ERR348383,30,0,[],['IR29'],0.0,,1,The study investigates the transcriptomic response of salt-sensitive Oryza sativa Indica group IR29 to salt stress using RNA-Seq.
PRJNA388342,GSM2643307: C-L (salinity sensitive); Oryza sativa; RNA-Seq,ILLUMINA,5503172,1375793000,Transcriptome diversity among rice root types in salinity tolerant and sensitive varieties,GEO,Oryza sativa Indica Group,RNA-Seq,TRANSCRIPTOMIC,cDNA,PAIRED,SAMN07175230,SRR5626525,6,0,['root'],[],0.0,,6,This study examines the transcriptome diversity among rice root types in salinity tolerant and sensitive varieties using RNA-Seq.
PRJNA387373,GSM2633782: Nuclear_RNA_Control_SAM; Oryza sativa Japonica Group; OTHER,ILLUMINA,11630962,593179062,Nuclear and cellular mRNA sequencing of 1 cm root tips of 7 days Oryza sativa seedlings,GEO,Oryza sativa Japonica Group,OTHER,TRANSCRIPTOMIC,other,SINGLE,SAMN07150527,SRR5581450,3,0,['root'],[],7.0,,1,Sequencing of nuclear and cellular mRNA from 1 cm root tips of 7-day-old Oryza sativa seedlings.
PRJNA264731,EG4 small RNA replicate1: Comparative transcriptome analysis among closely related rice strains,ILLUMINA,38304499,1953529449,Oryza sativa Transcriptome or Gene expression,"University of California, Riverside",Oryza sativa Japonica Group,miRNA-Seq,TRANSCRIPTOMIC,size fractionation,SINGLE,SAMN03135602,SRR5573658,25,0,[],['Oryza sativa Japonica Group'],0.0,,25,This study involves comparative transcriptome analysis using small RNA sequencing among closely related rice strains of the Oryza sativa Japonica Group.
PRJNA385135,GSM2596760: 9 salt-stress rep2; Oryza sativa; RNA-Seq,ILLUMINA,19278518,1947130318,Variation in transcriptional responses to salt stress in rice,GEO,Oryza sativa,RNA-Seq,TRANSCRIPTOMIC,cDNA,SINGLE,SAMN06860861,SRR5495496,368,0,[],['Oryza sativa'],0.0,,1,This study examines the transcriptional responses to salt stress in rice using RNA-Seq.
PRJNA342794,GSM2309685: S-L; Oryza sativa; RNA-Seq,ILLUMINA,5415174,1353793500,Comparative transcriptome analysis of different root types of a salinity sensitive rice cultivar under salinity stress,GEO,Oryza sativa Indica Group,RNA-Seq,TRANSCRIPTOMIC,cDNA,PAIRED,SAMN05768177,SRR4240917,6,0,['root'],[],0.0,,6,This study involves comparative transcriptome analysis of different root types in a salinity-sensitive rice cultivar under salinity stress conditions.
PRJNA340947,GSM2298213: NaCl_sRNA; Oryza sativa Japonica Group; ncRNA-Seq,ILLUMINA,17010352,833507248,Characterize novel lncRNAs responding to stresses in Oryza sativa at transcriptional and post-transcriptional levels,GEO,Oryza sativa Japonica Group,ncRNA-Seq,TRANSCRIPTOMIC,size fractionation,SINGLE,SAMN05715461,SRR4098202,38,0,[],['Oryza sativa Japonica Group'],0.0,,38,The study aims to characterize novel long non-coding RNAs (lncRNAs) in Oryza sativa Japonica Group responding to stresses at transcriptional and post-transcriptional levels.
PRJNA319757,GSM2132706: S-L1; Oryza sativa; RNA-Seq,ILLUMINA,9698824,2424706000,Comparative transcriptome analysis of different root types in rice under salinity stress,GEO,Oryza sativa,RNA-Seq,TRANSCRIPTOMIC,cDNA,PAIRED,SAMN04904271,SRR3452998,6,0,['root'],[],0.0,,6,This study involves a comparative transcriptome analysis of different root types in rice under salinity stress using RNA-Seq.
PRJEB1856,"Illumina HiSeq 2000 sequencing; Response to salt stress treatment over time in Oryza sativa L. Japonica Nipponbare, RNA-seq dataset",ILLUMINA,20647922,1053044022,"Response to salt stress treatment over time in Oryza sativa L. Japonica Nipponbare, RNA-seq dataset",,Oryza sativa Japonica Group,RNA-Seq,TRANSCRIPTOMIC,cDNA,SINGLE,SAMEA2064170,ERR266228,18,0,[],['Nipponbare'],0.0,,18,This study investigates the transcriptomic response to salt stress treatment over time in Oryza sativa L. Japonica Nipponbare using RNA-seq.
PRJNA275193,MiRNA-Seq for Rice Under Salinity Stress,ILLUMINA,11165033,558251650,Oryza sativa Japonica Group Transcriptome or Gene expression,Sichuan University,Oryza sativa Japonica Group,miRNA-Seq,TRANSCRIPTOMIC,cDNA,SINGLE,SAMN03339921,SRR2890862,2,0,[],['Oryza sativa Japonica Group'],0.0,,2,The study aims to perform miRNA sequencing for rice under salinity stress conditions.
PRJNA296071,GSM1888200: RS; Oryza rufipogon; RNA-Seq,ILLUMINA,23357774,4671554800,Transcriptome analysis of salt stress responsiveness in the seedlings of Dongxiang wild rice (Oryza rufipogon Griff.),GEO,Oryza rufipogon,RNA-Seq,TRANSCRIPTOMIC,cDNA,PAIRED,SAMN04095797,SRR2443267,4,0,['seedling'],[],0.0,,1,The study aims to analyze the transcriptome of salt stress responsiveness in Dongxiang wild rice seedlings.
PRJEB2597,rice ssRNA-seq,ILLUMINA,30960975,7430634000,rice ssRNA-seq,NCGR,Oryza sativa,RNA-Seq,TRANSCRIPTOMIC,size fractionation,PAIRED,SAMEA1031597,ERR037687,12,0,[],[],0.0,,12,This study involves RNA-Seq analysis of Oryza sativa using size fractionation and Illumina sequencing platform.
PRJNA257964,GSM1470315: PK-Salinity stress; Oryza sativa; RNA-Seq,ILLUMINA,30613134,6122626800,Stress responsive gene expression in rice cultivars,GEO,Oryza sativa,RNA-Seq,TRANSCRIPTOMIC,cDNA,PAIRED,SAMN02980990,SRR1542706,7,0,[],['Oryza sativa'],0.0,,1,This study investigates gene expression responses to salinity stress in rice using RNA-Seq.
PRJDA46487,illumina mRNA-seq analysis for root of Oryza sativa L. ssp. japonica cv. Nipponbare under 1hour after salinity stress condition,ILLUMINA,67473819,2429057484,Comprehensive analysis of salinity stress inducible genes in Oryza sativa,NIAS,Oryza sativa Japonica Group,OTHER,TRANSCRIPTOMIC,unspecified,SINGLE,SAMD00016460,"DRR000352,DRR000356,DRR000357",4,0,['root'],['Nipponbare'],0.04166666666666667,,1,The study aims to analyze mRNA-seq data for the root of Oryza sativa L. ssp. japonica cv. Nipponbare under salinity stress conditions at one hour post-stress.
PRJNA248394,Whole transcriptome sequencing of Ochromonas BG-1 - MMETSP1105,ILLUMINA,22627396,2262739600,Marine Microbial Eukaryote Transcriptome Sequencing Project,NCGR,Ochromonas,RNA-Seq,TRANSCRIPTOMIC,RANDOM PCR,PAIRED,SAMN02740135,SRR1300317,718,0,[],[],0.0,,1,Whole transcriptome sequencing of Ochromonas BG-1 as part of the Marine Microbial Eukaryote Transcriptome Sequencing Project.
PRJNA235910,Burkholderia seminalis strain 0901 growth under Water condition,ILLUMINA,10017274,1968701471,Burkholderia seminalis Transcriptome or Gene expression,Guhe Information co.ltd,Burkholderia seminalis,RNA-Seq,TRANSCRIPTOMIC,other,PAIRED,SAMN02592722,SRR1130477,3,0,[],[],0.0,,3,This study investigates the transcriptome of Burkholderia seminalis strain 0901 under a water condition using RNA-Seq.
PRJNA232641,GSM1288579: s19; Oryza sativa; RNA-Seq,ILLUMINA,30008523,1050298305,3 and 5 end modifications in plant microRNA post biogenesis: evidences from NGS of small RNAs [Oryza sativa],GEO,Oryza sativa,RNA-Seq,TRANSCRIPTOMIC,size fractionation,SINGLE,SAMN02486642,SRR1061625,14,0,[],['Oryza sativa'],0.0,,14,This study investigates 3' and 5' end modifications in plant microRNA post biogenesis using next-generation sequencing of small RNAs from Oryza sativa.
PRJNA134239,GSM629213: Salt Stress-Roots-2wks-Rep1,ILLUMINA,3893781,101238306,Deep Transcriptional Profiling of Rice Using Illumina's Sequencing By Synthesis Technology,GEO,Oryza sativa Japonica Group,OTHER,TRANSCRIPTOMIC,cDNA,SINGLE,SAMN00138874,SRR074150,43,0,['root'],[],0.0,,1,This study involves deep transcriptional profiling of rice roots under salt stress conditions using Illumina's sequencing technology.
PRJNA160225,"GR-11 shoot, control and salinity stress",LS454,170050,92687953,salinity stress analysis in shoots of Oryza sativa indica cultivar GR-11,Anand Agricultural University,Oryza sativa Indica Group,RNA-Seq,TRANSCRIPTOMIC,RANDOM,SINGLE,SAMN00989327,SRR491194,2,0,['shoot'],['GR-11'],0.0,,2,The study analyzes the transcriptomic response of Oryza sativa indica cultivar GR-11 shoots under control and salinity stress conditions using RNA-Seq.
PRJNA160227,"GR-11 root, control and salinity stress",LS454,64502,34981714,salinity stress analysis in roots of Oryza sativa indica cultivar GR-11,Anand Agricultural University,Oryza sativa Indica Group,RNA-Seq,TRANSCRIPTOMIC,RANDOM,SINGLE,SAMN00990422,SRR491197,2,0,['root'],['GR-11'],0.0,,2,This study analyzes the transcriptomic response of Oryza sativa indica cultivar GR-11 roots under control and salinity stress conditions using RNA-Seq.
PRJNA160219,"Dandi root, control and salinity stress",LS454,128519,69770920,salinity stress analysis in roots of Oryza sativa indica cultivar Dandi,Anand Agricultural University,Oryza sativa Indica Group,RNA-Seq,TRANSCRIPTOMIC,RANDOM,SINGLE,SAMN00990421,SRR491193,2,0,['root'],['Dandi'],0.0,,2,The study analyzes the effect of salinity stress on roots of Oryza sativa indica cultivar Dandi using RNA-Seq.
PRJNA160217,Dandi shoot and salinity stress,LS454,97237,53004910,salinity stress in shoots of Oryza sativa indica cultivar Dandi,Anand Agricultural University,Oryza sativa Indica Group,RNA-Seq,TRANSCRIPTOMIC,RANDOM,SINGLE,SAMN00990420,SRR491191,2,0,['shoot'],['Dandi'],0.0,,2,The study investigates the effects of salinity stress on shoots of Oryza sativa indica cultivar Dandi using RNA-Seq.
